{
  "_comment": "Metadata for REAPER theme images. Schema fields: kind ('sliced-button' | 'bg' | 'knob-stack' | 'image' | 'thumb'), is_3state, fallback, aliases[], has_pink",
  "images": {

    "button_off": {"kind":"sliced-button","is_3state":true,"description":"Generic button off"},
    "button_on": {"kind":"sliced-button","is_3state":true,"description":"Generic button on"},
    "scrollbar_v": {"kind":"thumb","is_3state":true,"description":"Vertical scrollbar thumb"},
    "slider": {"kind":"thumb","is_3state":true,"description":"Horizontal slider thumb"},
    "spinner_left": {"kind":"sliced-button","is_3state":true,"description":"Spinner left"},
    "vEdge_resize": {"kind":"sliced-button","is_3state":true,"description":"Vertical edge resize"},
    "page_ol_off": {"kind":"sliced-button","is_3state":true,"description":"Page outline off"},
    "page_ol_on": {"kind":"sliced-button","is_3state":true,"description":"Page outline on"},
    "col_chooser": {"kind":"sliced-button","is_3state":true,"description":"Color chooser"},
    "swatch": {"kind":"sliced-button","is_3state":true,"description":"Color swatch"},

    "arcStalk": {"kind":"bg","is_3state":false},
    "arcStalk_closed": {"kind":"bg","is_3state":false},
    "font_size_stack": {"kind":"knob-stack","is_3state":false},
    "knobStack_20px_dark": {"kind":"knob-stack","is_3state":false},
    "roundBox_white25": {"kind":"bg","is_3state":false},
    "hide": {"kind":"image","is_3state":false},
    "show": {"kind":"image","is_3state":false},
    "always_hide": {"kind":"image","is_3state":false},
    "always_hide_on": {"kind":"image","is_3state":false},
    "monitorScale": {"kind":"image","is_3state":false},
    "page_global": {"kind":"image","is_3state":false},
    "page_tcp": {"kind":"image","is_3state":false},
    "page_envcp": {"kind":"image","is_3state":false},
    "page_mcp": {"kind":"image","is_3state":false},
    "page_trans": {"kind":"image","is_3state":false},
    "page_theme": {"kind":"image","is_3state":false},
    "page_error": {"kind":"image","is_3state":false},
    "layoutA_off": {"kind":"image","is_3state":false},
    "layoutA_on": {"kind":"image","is_3state":false},
    "layoutB_off": {"kind":"image","is_3state":false},
    "layoutB_on": {"kind":"image","is_3state":false},
    "layoutC_off": {"kind":"image","is_3state":false},
    "layoutC_on": {"kind":"image","is_3state":false},

    "tcp_bg": {"kind":"bg","is_3state":false,"has_pink":true},
    "mcp_bg": {"kind":"bg","is_3state":false,"has_pink":true},
    "envcp_bg": {"kind":"bg","is_3state":false,"has_pink":true},
    "transport_bg": {"kind":"bg","is_3state":false,"has_pink":true},

    "tcp_vol_knob": {"kind":"knob-stack","is_3state":false},
    "tcp_pan_knob": {"kind":"knob-stack","is_3state":false},
    "tcp_width_knob": {"kind":"knob-stack","is_3state":false},
    "mcp_vol_knob": {"kind":"knob-stack","is_3state":false},
    "mcp_pan_knob": {"kind":"knob-stack","is_3state":false},
    "mcp_width_knob": {"kind":"knob-stack","is_3state":false},

    "tcp_mute": {"kind":"sliced-button","is_3state":true},
    "tcp_solo": {"kind":"sliced-button","is_3state":true},
    "tcp_fx": {"kind":"sliced-button","is_3state":true},
    "tcp_env": {"kind":"sliced-button","is_3state":true},
    "tcp_io": {"kind":"sliced-button","is_3state":true},
    "tcp_phase": {"kind":"sliced-button","is_3state":true},
    "tcp_recarm": {"kind":"sliced-button","is_3state":true},
    "tcp_recmon": {"kind":"sliced-button","is_3state":true},

    "mcp_mute": {"kind":"sliced-button","is_3state":true},
    "mcp_solo": {"kind":"sliced-button","is_3state":true},
    "mcp_fx": {"kind":"sliced-button","is_3state":true},
    "mcp_env": {"kind":"sliced-button","is_3state":true},
    "mcp_io": {"kind":"sliced-button","is_3state":true},
    "mcp_phase": {"kind":"sliced-button","is_3state":true},
    "mcp_recarm": {"kind":"sliced-button","is_3state":true},
    "mcp_recmon": {"kind":"sliced-button","is_3state":true},

    "toolbar_bg": {"kind":"bg","is_3state":false,"has_pink":true},
    "toolbar_button": {"kind":"sliced-button","is_3state":true},
    "toolbar_dropdown": {"kind":"sliced-button","is_3state":true},

    "meter_bg": {"kind":"bg","is_3state":false},
    "meter_clip": {"kind":"bg","is_3state":false},
    "meter_fill": {"kind":"bg","is_3state":false},

    "transport_play": {"kind":"sliced-button","is_3state":true},
    "transport_stop": {"kind":"sliced-button","is_3state":true},
    "transport_pause": {"kind":"sliced-button","is_3state":true},
    "transport_rec": {"kind":"sliced-button","is_3state":true,"aliases":["transport_record"]},
    "transport_rew": {"kind":"sliced-button","is_3state":true,"aliases":["transport_previous"]},
    "transport_fwd": {"kind":"sliced-button","is_3state":true,"aliases":["transport_next"]},
    "transport_repeat": {"kind":"sliced-button","is_3state":true},

    "envcp_hide": {"kind":"sliced-button","is_3state":true},
    "envcp_bypass": {"kind":"sliced-button","is_3state":true},
    "envcp_mod": {"kind":"sliced-button","is_3state":true},
    "envcp_learn": {"kind":"sliced-button","is_3state":true},


    


    "transport_basis_half": {"kind":"sliced-button","is_3state":true},
    "transport_basis_half_dotted": {"kind":"sliced-button","is_3state":true},
    "transport_basis_quarter": {"kind":"sliced-button","is_3state":true},
    "transport_basis_quarter_dotted": {"kind":"sliced-button","is_3state":true},
    "transport_basis_eighth": {"kind":"sliced-button","is_3state":true},
    "transport_basis_eighth_dotted": {"kind":"sliced-button","is_3state":true},
    "global_trim": {"kind":"sliced-button","is_3state":true,"fallback":"track_env"},
    "global_read": {"kind":"sliced-button","is_3state":true,"fallback":"track_env_read"},
    "global_touch": {"kind":"sliced-button","is_3state":true,"fallback":"track_env_touch"},
    "global_write": {"kind":"sliced-button","is_3state":true,"fallback":"track_env_write"},
    "global_latch": {"kind":"sliced-button","is_3state":true,"fallback":"track_env_latch"},
    "global_bypass": {"kind":"sliced-button","is_3state":true,"fallback":"track_mute_on"},
    "global_off": {"kind":"sliced-button","is_3state":true,"fallback":"track_env"},
    "global_preview": {"kind":"sliced-button","is_3state":true,"fallback":"global_latch"},
    "transport_tap": {"kind":"sliced-button","is_3state":true},
    "transport_bpm": {"kind":"sliced-button","is_3state":true},
    "transport_bpm_bg": {"kind":"bg","is_3state":false},
    "transport_edit_bg": {"kind":"bg","is_3state":false},
    "transport_end": {"kind":"sliced-button","is_3state":true},
    "transport_group_bg": {"kind":"bg","is_3state":false},
    "transport_knob_bg_large": {"kind":"bg","is_3state":false,"fallback":"gen_knob_bg_large"},
    "transport_knob_bg_small": {"kind":"bg","is_3state":false,"fallback":"gen_knob_bg_small"},
    "transport_playspeedbg": {"kind":"bg","is_3state":false},
    "transport_playspeedbg_vert": {"kind":"bg","is_3state":false},
    "transport_playspeedthumb": {"kind":"thumb","is_3state":false},
    "transport_playspeedthumb_vert": {"kind":"thumb","is_3state":false},
    "transport_next": {"kind":"sliced-button","is_3state":true,"fallback":"transport_end"},
    "transport_pause_on": {"kind":"sliced-button","is_3state":true},
    "transport_play_on": {"kind":"sliced-button","is_3state":true},
    "transport_play_sync": {"kind":"sliced-button","is_3state":true},
    "transport_play_sync_on": {"kind":"sliced-button","is_3state":true},
    "transport_previous": {"kind":"sliced-button","is_3state":true,"fallback":"transport_home"},
    "transport_record": {"kind":"sliced-button","is_3state":true,"aliases":["transport_rec"]},
    "transport_record_on": {"kind":"sliced-button","is_3state":true},
    "transport_record_item": {"kind":"sliced-button","is_3state":true},
    "transport_record_item_on": {"kind":"sliced-button","is_3state":true},
    "transport_record_loop": {"kind":"sliced-button","is_3state":true},
    "transport_record_loop_on": {"kind":"sliced-button","is_3state":true},
    "transport_repeat_off": {"kind":"sliced-button","is_3state":true},
    "transport_repeat_on": {"kind":"sliced-button","is_3state":true},
    "transport_home": {"kind":"sliced-button","is_3state":true},
    "transport_status_bg": {"kind":"bg","is_3state":false},
    "transport_status_bg_err": {"kind":"bg","is_3state":false},



    "folder_start": {"kind":"bg","is_3state":false},
    "folder_indent": {"kind":"bg","is_3state":false},
    "folder_end": {"kind":"bg","is_3state":false},
    "tcp_bgsel": {"kind":"bg","is_3state":false},
    "tcp_folderbg": {"kind":"bg","is_3state":false},
    "tcp_folderbgsel": {"kind":"bg","is_3state":false},
    "tcp_fxembed_header_bg_h": {"kind":"bg","is_3state":false},
    "tcp_fxembed_header_bg_v": {"kind":"bg","is_3state":false},
    "tcp_fxembed_header_float": {"kind":"sliced-button","is_3state":true},
    "tcp_fxembed_header_minimize": {"kind":"sliced-button","is_3state":true},
    "tcp_fxlist_bg": {"kind":"bg","is_3state":false},
    "tcp_fxlist_byp": {"kind":"bg","is_3state":false,"fallback":"tcp_fxparm_fx_byp"},
    "tcp_fxlist_empty": {"kind":"bg","is_3state":false,"fallback":"tcp_fxparm_empty"},
    "tcp_fxlist_norm": {"kind":"bg","is_3state":false,"fallback":"tcp_fxparm_fx_norm"},
    "tcp_fxlist_off": {"kind":"bg","is_3state":false,"fallback":"tcp_fxparm_fx_off"},
    "tcp_fxparm_bg": {"kind":"bg","is_3state":false},
    "tcp_fxparm_byp": {"kind":"bg","is_3state":false},
    "tcp_fxparm_empty": {"kind":"bg","is_3state":false},
    "tcp_fxparm_fx_byp": {"kind":"bg","is_3state":false},
    "tcp_fxparm_fx_norm": {"kind":"bg","is_3state":false},
    "tcp_fxparm_fx_off": {"kind":"bg","is_3state":false},
    "tcp_fxparm_knob": {"kind":"thumb","is_3state":false},
    "tcp_fxparm_knob_bg": {"kind":"bg","is_3state":false,"fallback":"mcp_fxparm_knob_bg"},
    "tcp_fxparm_knob_stack": {"kind":"knob-stack","is_3state":false,"fallback":"mcp_fxparm_knob_stack"},
    "tcp_fxparm_norm": {"kind":"bg","is_3state":false},
    "tcp_fxparm_off": {"kind":"bg","is_3state":false},
    "tcp_iconbg": {"kind":"bg","is_3state":false},
    "tcp_iconbgsel": {"kind":"bg","is_3state":false,"fallback":"tcp_iconbg"},
    "tcp_mainiconbg": {"kind":"bg","is_3state":false,"fallback":"tcp_iconbg"},
    "tcp_mainiconbgsel": {"kind":"bg","is_3state":false,"fallback":"tcp_iconbgsel"},
    "tcp_mainbg": {"kind":"bg","is_3state":false},
    "tcp_mainbgsel": {"kind":"bg","is_3state":false},
    "tcp_main_namebg": {"kind":"bg","is_3state":false},
    "tcp_main_namebg_sel": {"kind":"bg","is_3state":false},
    "tcp_master_fxlist_bg": {"kind":"bg","is_3state":false,"fallback":"tcp_fxlist_bg"},
    "tcp_master_fxlist_byp": {"kind":"bg","is_3state":false,"fallback":"tcp_fxlist_byp"},
    "tcp_master_fxlist_empty": {"kind":"bg","is_3state":false,"fallback":"tcp_fxlist_empty"},
    "tcp_master_fxlist_norm": {"kind":"bg","is_3state":false,"fallback":"tcp_fxlist_norm"},
    "tcp_master_fxlist_off": {"kind":"bg","is_3state":false,"fallback":"tcp_fxlist_off"},
    "tcp_master_pan_label": {"kind":"bg","is_3state":false,"fallback":"tcp_pan_label"},
    "tcp_master_sendlist_bg": {"kind":"bg","is_3state":false,"fallback":"tcp_sendlist_bg"},
    "tcp_master_sendlist_empty": {"kind":"bg","is_3state":false,"fallback":"tcp_sendlist_empty"},
    "tcp_master_sendlist_knob": {"kind":"thumb","is_3state":false,"fallback":"tcp_sendlist_knob"},
    "tcp_master_sendlist_knob2": {"kind":"thumb","is_3state":false,"fallback":"tcp_master_sendlist_knob"},
    "tcp_master_sendlist_meter": {"kind":"bg","is_3state":false,"fallback":"tcp_sendlist_meter"},
    "tcp_master_sendlist_meter2": {"kind":"bg","is_3state":false,"fallback":"tcp_master_sendlist_meter"},
    "tcp_master_sendlist_mute": {"kind":"bg","is_3state":false,"fallback":"tcp_sendlist_mute"},
    "tcp_master_sendlist_mute2": {"kind":"bg","is_3state":false,"fallback":"tcp_master_sendlist_mute"},
    "tcp_master_sendlist_norm": {"kind":"bg","is_3state":false,"fallback":"tcp_sendlist_norm"},
    "tcp_master_sendlist_norm2": {"kind":"bg","is_3state":false,"fallback":"tcp_master_sendlist_norm"},
    "tcp_master_vol_label": {"kind":"bg","is_3state":false,"fallback":"tcp_vol_label"},
    "tcp_master_wid_label": {"kind":"bg","is_3state":false,"fallback":"tcp_wid_label"},
    "tcp_namebg": {"kind":"bg","is_3state":false},
    "tcp_pan_knob_large": {"kind":"bg","is_3state":false,"fallback":"gen_knob_bg_large"},
    "tcp_pan_knob_small": {"kind":"bg","is_3state":false,"fallback":"gen_knob_bg_small"},
    "tcp_pan_knob_stack": {"kind":"knob-stack","is_3state":false,"fallback":"tcp_vol_knob_stack"},
    "tcp_pan_knob_stack_1": {"kind":"knob-stack","is_3state":false,"fallback":"tcp_vol_knob_stack_1"},
    "tcp_pan_knob_stack_2": {"kind":"knob-stack","is_3state":false,"fallback":"tcp_vol_knob_stack_2"},
    "tcp_pan_label": {"kind":"bg","is_3state":false},
    "tcp_panbg": {"kind":"bg","is_3state":false},
    "tcp_panbg_vert": {"kind":"bg","is_3state":false},
    "tcp_panthumb": {"kind":"thumb","is_3state":false},
    "tcp_panthumb_vert": {"kind":"thumb","is_3state":false},
    "tcp_pinned_divider": {"kind":"sliced-button","is_3state":true},
    "tcp_pinned_divider_overflow": {"kind":"sliced-button","is_3state":true},
    "tcp_recinput": {"kind":"bg","is_3state":false},
    "tcp_send_knob_stack": {"kind":"knob-stack","is_3state":false,"fallback":"mcp_send_knob_stack"},
    "tcp_send_knob_stack2": {"kind":"knob-stack","is_3state":false,"fallback":"tcp_send_knob_stack"},
    "tcp_sendlist_bg": {"kind":"bg","is_3state":false,"fallback":"mcp_sendlist_bg"},
    "tcp_sendlist_empty": {"kind":"bg","is_3state":false,"fallback":"mcp_sendlist_empty"},
    "tcp_sendlist_knob": {"kind":"thumb","is_3state":false,"fallback":"mcp_sendlist_knob"},
    "tcp_sendlist_knob2": {"kind":"thumb","is_3state":false,"fallback":"tcp_sendlist_knob"},
    "tcp_sendlist_knob_bg": {"kind":"bg","is_3state":false,"fallback":"mcp_sendlist_knob_bg"},
    "tcp_sendlist_knob_bg2": {"kind":"bg","is_3state":false,"fallback":"tcp_sendlist_knob_bg"},
    "tcp_sendlist_meter": {"kind":"bg","is_3state":false,"fallback":"mcp_sendlist_meter"},
    "tcp_sendlist_meter2": {"kind":"bg","is_3state":false,"fallback":"tcp_sendlist_meter"},
    "tcp_sendlist_midihw": {"kind":"bg","is_3state":false,"fallback":"mcp_sendlist_midihw"},
    "tcp_sendlist_midihw2": {"kind":"bg","is_3state":false,"fallback":"mcp_sendlist_midihw"},
    "tcp_sendlist_mute": {"kind":"bg","is_3state":false,"fallback":"mcp_sendlist_mute"},
    "tcp_sendlist_mute2": {"kind":"bg","is_3state":false,"fallback":"tcp_sendlist_mute"},
    "tcp_sendlist_norm": {"kind":"bg","is_3state":false,"fallback":"mcp_sendlist_norm"},
    "tcp_sendlist_norm2": {"kind":"bg","is_3state":false,"fallback":"tcp_sendlist_norm"},
    "tcp_solodefeat_on": {"kind":"sliced-button","is_3state":true},
    "tcp_idxbg": {"kind":"bg","is_3state":false},
    "tcp_idxbg_sel": {"kind":"bg","is_3state":false},
    "tcp_vol_knob_large": {"kind":"bg","is_3state":false,"fallback":"gen_knob_bg_large"},
    "tcp_vol_knob_small": {"kind":"bg","is_3state":false,"fallback":"gen_knob_bg_small"},
    "tcp_vol_knob_stack": {"kind":"knob-stack","is_3state":false,"fallback":"knob_stack"},
    "tcp_vol_knob_stack_1": {"kind":"knob-stack","is_3state":false,"fallback":"knob_stack_1"},
    "tcp_vol_knob_stack_2": {"kind":"knob-stack","is_3state":false,"fallback":"knob_stack_2"},
    "tcp_vol_label": {"kind":"bg","is_3state":false},
    "tcp_volbg": {"kind":"bg","is_3state":false},
    "tcp_volbg_vert": {"kind":"bg","is_3state":false,"fallback":"mcp_volbg"},
    "tcp_volthumb": {"kind":"thumb","is_3state":false},
    "tcp_volthumb_vert": {"kind":"thumb","is_3state":false,"fallback":"mcp_volthumb"},
    "tcp_vu": {"kind":"bg","is_3state":false},
    "tcp_width_knob_large": {"kind":"bg","is_3state":false,"fallback":"gen_knob_bg_large"},
    "tcp_width_knob_small": {"kind":"bg","is_3state":false,"fallback":"gen_knob_bg_small"},
    "tcp_wid_knob_stack": {"kind":"knob-stack","is_3state":false,"fallback":"tcp_vol_knob_stack"},
    "tcp_wid_knob_stack_1": {"kind":"knob-stack","is_3state":false,"fallback":"tcp_vol_knob_stack_1"},
    "tcp_wid_knob_stack_2": {"kind":"knob-stack","is_3state":false,"fallback":"tcp_vol_knob_stack_2"},
    "tcp_wid_label": {"kind":"bg","is_3state":false},
    "tcp_widthbg": {"kind":"bg","is_3state":false,"fallback":"tcp_panbg"},
    "tcp_widthbg_vert": {"kind":"bg","is_3state":false,"fallback":"tcp_panbg_vert"},
    "tcp_widththumb": {"kind":"thumb","is_3state":false,"fallback":"tcp_panthumb"},
    "tcp_widththumb_vert": {"kind":"thumb","is_3state":false,"fallback":"tcp_panthumb_vert"},



    "track_env": {"kind":"sliced-button","is_3state":true},
    "track_env_read": {"kind":"sliced-button","is_3state":true,"aliases":["transport_automation_read"]},
    "track_env_touch": {"kind":"sliced-button","is_3state":true,"aliases":["transport_automation_touch"]},
    "track_env_write": {"kind":"sliced-button","is_3state":true,"aliases":["transport_automation_write"]},
    "track_env_latch": {"kind":"sliced-button","is_3state":true,"aliases":["transport_automation_latch"]},
    "track_env_preview": {"kind":"sliced-button","is_3state":true,"fallback":"track_env_latch"},
    "track_folder_off": {"kind":"sliced-button","is_3state":true},
    "track_folder_on": {"kind":"sliced-button","is_3state":true},
    "track_folder_last": {"kind":"sliced-button","is_3state":true},
    "track_fcomp_off": {"kind":"sliced-button","is_3state":true},
    "track_fcomp_small": {"kind":"sliced-button","is_3state":true},
    "track_fcomp_tiny": {"kind":"sliced-button","is_3state":true},
    "track_fx_norm": {"kind":"sliced-button","is_3state":true},
    "track_fx_dis": {"kind":"sliced-button","is_3state":true},
    "track_fx_empty": {"kind":"sliced-button","is_3state":true},
    "track_fx_in_norm": {"kind":"sliced-button","is_3state":true,"fallback":"track_fx_norm"},
    "track_fx_in_empty": {"kind":"sliced-button","is_3state":true,"fallback":"track_fx_empty"},
    "track_fxoff_v": {"kind":"sliced-button","is_3state":true},
    "track_fxon_v": {"kind":"sliced-button","is_3state":true},
    "track_fxempty_v": {"kind":"sliced-button","is_3state":true},
    "track_fxoff_h": {"kind":"sliced-button","is_3state":true},
    "track_fxon_h": {"kind":"sliced-button","is_3state":true},
    "track_fxempty_h": {"kind":"sliced-button","is_3state":true},
    "track_io": {"kind":"sliced-button","is_3state":true},
    "track_io_dis": {"kind":"sliced-button","is_3state":true},
    "track_io_r": {"kind":"sliced-button","is_3state":true},
    "track_io_s": {"kind":"sliced-button","is_3state":true},
    "track_io_s_r": {"kind":"sliced-button","is_3state":true},
    "track_io_r_dis": {"kind":"sliced-button","is_3state":true},
    "track_io_s_dis": {"kind":"sliced-button","is_3state":true},
    "track_io_s_r_dis": {"kind":"sliced-button","is_3state":true},
    "track_monitor_off": {"kind":"sliced-button","is_3state":true},
    "track_monitor_on": {"kind":"sliced-button","is_3state":true},
    "track_monitor_auto": {"kind":"sliced-button","is_3state":true},
    "track_stereo": {"kind":"sliced-button","is_3state":true},
    "track_mono": {"kind":"sliced-button","is_3state":true},
    "track_mute_off": {"kind":"sliced-button","is_3state":true},
    "track_mute_on": {"kind":"sliced-button","is_3state":true},
    "track_phase_norm": {"kind":"sliced-button","is_3state":true},
    "track_phase_inv": {"kind":"sliced-button","is_3state":true},
    "track_recarm_off": {"kind":"sliced-button","is_3state":true},
    "track_recarm_on": {"kind":"sliced-button","is_3state":true},
    "track_recarm_auto": {"kind":"sliced-button","is_3state":true,"fallback":"track_recarm_on"},
    "track_recarm_auto_on": {"kind":"sliced-button","is_3state":true,"fallback":"track_recarm_on"},
    "track_recarm_norec": {"kind":"sliced-button","is_3state":true,"fallback":"track_recarm_on"},
    "track_recarm_auto_norec": {"kind":"sliced-button","is_3state":true,"fallback":"track_recarm_auto_on"},
    "track_recmode_in": {"kind":"sliced-button","is_3state":true},
    "track_recmode_out": {"kind":"sliced-button","is_3state":true},
    "track_recmode_off": {"kind":"sliced-button","is_3state":true},
    "track_solo_off": {"kind":"sliced-button","is_3state":true},
    "track_solo_on": {"kind":"sliced-button","is_3state":true},

    "toolbar_bg": {"kind":"bg","is_3state":false,"has_pink":true},
    "toolbar_blank": {"kind":"image","is_3state":false},
    "toolbar_envitem_off": {"kind":"sliced-button","is_3state":true},
    "toolbar_envitem_on": {"kind":"sliced-button","is_3state":true},
    "toolbar_lock_on": {"kind":"sliced-button","is_3state":true},
    "toolbar_lock_off": {"kind":"sliced-button","is_3state":true},
    "toolbar_load": {"kind":"sliced-button","is_3state":true},
    "toolbar_save": {"kind":"sliced-button","is_3state":true},


    


    "mcp_bgsel": {"kind":"bg","is_3state":false},
    "mcp_env": {"kind":"sliced-button","is_3state":true,"fallback":"track_env"},
    "mcp_env_read": {"kind":"sliced-button","is_3state":true,"fallback":"track_env_read"},
    "mcp_env_touch": {"kind":"sliced-button","is_3state":true,"fallback":"track_env_touch"},
    "mcp_env_write": {"kind":"sliced-button","is_3state":true,"fallback":"track_env_write"},
    "mcp_env_latch": {"kind":"sliced-button","is_3state":true,"fallback":"track_env_latch"},
    "mcp_env_preview": {"kind":"sliced-button","is_3state":true,"fallback":"mcp_env_latch"},
    "mcp_extmixbg": {"kind":"bg","is_3state":false},
    "mcp_extmixbgsel": {"kind":"bg","is_3state":false,"fallback":"mcp_extmixbg"},
    "mcp_mainextmixbg": {"kind":"bg","is_3state":false,"fallback":"mcp_extmixbg"},
    "mcp_mainextmixbgsel": {"kind":"bg","is_3state":false,"fallback":"mcp_extmixbgsel"},
    "mcp_folder_on": {"kind":"sliced-button","is_3state":true},
    "mcp_folder_last": {"kind":"sliced-button","is_3state":true},
    "mcp_folderbg": {"kind":"bg","is_3state":false},
    "mcp_folderbgsel": {"kind":"bg","is_3state":false},
    "mcp_fcomp_off": {"kind":"sliced-button","is_3state":true},
    "mcp_fcomp_tiny": {"kind":"sliced-button","is_3state":true},
    "mcp_fx_norm": {"kind":"sliced-button","is_3state":true,"fallback":"track_fx_norm"},
    "mcp_fx_dis": {"kind":"sliced-button","is_3state":true,"fallback":"track_fx_dis"},
    "mcp_fx_empty": {"kind":"sliced-button","is_3state":true,"fallback":"track_fx_empty"},
    "mcp_fx_in_norm": {"kind":"sliced-button","is_3state":true,"aliases":["track_fx_in_norm"],"fallback":"mcp_fx_norm"},
    "mcp_fx_in_empty": {"kind":"sliced-button","is_3state":true,"aliases":["track_fx_in_empty"],"fallback":"mcp_fx_empty"},
    "mcp_fxlist_bg": {"kind":"bg","is_3state":false},
    "mcp_fxlist_byp": {"kind":"bg","is_3state":false},
    "mcp_fxlist_empty": {"kind":"bg","is_3state":false},
    "mcp_fxlist_norm": {"kind":"bg","is_3state":false},
    "mcp_fxlist_off": {"kind":"bg","is_3state":false},
    "mcp_fxparm_bg": {"kind":"bg","is_3state":false},
    "mcp_fxparm_byp": {"kind":"bg","is_3state":false},
    "mcp_fxparm_empty": {"kind":"bg","is_3state":false},
    "mcp_fxparm_knob": {"kind":"thumb","is_3state":false},
    "mcp_fxparm_knob_bg": {"kind":"bg","is_3state":false},
    "mcp_fxparm_knob_stack": {"kind":"knob-stack","is_3state":false,"fallback":"mcp_send_knob_stack"},
    "mcp_fxparm_norm": {"kind":"bg","is_3state":false},
    "mcp_fxparm_off": {"kind":"bg","is_3state":false},
    "mcp_iconbg": {"kind":"bg","is_3state":false},
    "mcp_iconbgsel": {"kind":"bg","is_3state":false,"fallback":"mcp_iconbg"},
    "mcp_mainiconbg": {"kind":"bg","is_3state":false,"fallback":"mcp_iconbg"},
    "mcp_mainiconbgsel": {"kind":"bg","is_3state":false,"fallback":"mcp_iconbgsel"},
    "mcp_io": {"kind":"sliced-button","is_3state":true},
    "mcp_io_dis": {"kind":"sliced-button","is_3state":true},
    "mcp_io_r": {"kind":"sliced-button","is_3state":true},
    "mcp_io_s": {"kind":"sliced-button","is_3state":true},
    "mcp_io_s_r": {"kind":"sliced-button","is_3state":true},
    "mcp_io_r_dis": {"kind":"sliced-button","is_3state":true},
    "mcp_io_s_dis": {"kind":"sliced-button","is_3state":true},
    "mcp_io_s_r_dis": {"kind":"sliced-button","is_3state":true},
    "mcp_mainbg": {"kind":"bg","is_3state":false},
    "mcp_mainbgsel": {"kind":"bg","is_3state":false},
    "mcp_main_namebg": {"kind":"bg","is_3state":false},
    "mcp_main_namebg_sel": {"kind":"bg","is_3state":false},
    "mcp_master_fxlist_bg": {"kind":"bg","is_3state":false,"fallback":"mcp_fxlist_bg"},
    "mcp_master_fxlist_byp": {"kind":"bg","is_3state":false,"fallback":"mcp_fxlist_byp"},
    "mcp_master_fxlist_empty": {"kind":"bg","is_3state":false,"fallback":"mcp_fxlist_empty"},
    "mcp_master_fxlist_norm": {"kind":"bg","is_3state":false,"fallback":"mcp_fxlist_norm"},
    "mcp_master_fxlist_off": {"kind":"bg","is_3state":false,"fallback":"mcp_fxlist_off"},
    "mcp_master_pan_label": {"kind":"bg","is_3state":false,"fallback":"mcp_pan_label"},
    "mcp_master_sendlist_bg": {"kind":"bg","is_3state":false,"fallback":"mcp_sendlist_bg"},
    "mcp_master_sendlist_empty": {"kind":"bg","is_3state":false,"fallback":"mcp_sendlist_empty"},
    "mcp_master_sendlist_knob": {"kind":"thumb","is_3state":false,"fallback":"mcp_sendlist_knob"},
    "mcp_master_sendlist_meter": {"kind":"bg","is_3state":false,"fallback":"mcp_sendlist_meter"},
    "mcp_master_sendlist_mute": {"kind":"bg","is_3state":false,"fallback":"mcp_sendlist_mute"},
    "mcp_master_sendlist_norm": {"kind":"bg","is_3state":false,"fallback":"mcp_sendlist_norm"},
    "mcp_master_vol_label": {"kind":"bg","is_3state":false,"fallback":"mcp_vol_label"},
    "mcp_master_volbg_horz": {"kind":"bg","is_3state":false,"fallback":"mcp_volbg_horz"},
    "mcp_master_volbg": {"kind":"bg","is_3state":false,"fallback":"mcp_volbg"},
    "mcp_master_volthumb_horz": {"kind":"thumb","is_3state":false,"fallback":"mcp_volthumb_horz"},
    "mcp_master_volthumb": {"kind":"thumb","is_3state":false,"fallback":"mcp_volthumb"},
    "mcp_master_vu": {"kind":"bg","is_3state":false},
    "mcp_master_wid_label": {"kind":"bg","is_3state":false,"fallback":"mcp_wid_label"},
    "mcp_monitor_off": {"kind":"sliced-button","is_3state":true,"fallback":"track_monitor_off"},
    "mcp_monitor_on": {"kind":"sliced-button","is_3state":true,"fallback":"track_monitor_on"},
    "mcp_monitor_auto": {"kind":"sliced-button","is_3state":true,"fallback":"track_monitor_auto"},
    "mcp_stereo": {"kind":"sliced-button","is_3state":true,"fallback":"track_stereo"},
    "mcp_mono": {"kind":"sliced-button","is_3state":true,"fallback":"track_mono"},
    "mcp_mute_off": {"kind":"sliced-button","is_3state":true,"fallback":"track_mute_off"},
    "mcp_mute_on": {"kind":"sliced-button","is_3state":true,"fallback":"track_mute_on"},
    "mcp_namebg": {"kind":"bg","is_3state":false},
    "mcp_pan_knob_large": {"kind":"bg","is_3state":false,"fallback":"tcp_pan_knob_large"},
    "mcp_pan_knob_small": {"kind":"bg","is_3state":false,"fallback":"tcp_pan_knob_small"},
    "mcp_pan_knob_stack": {"kind":"knob-stack","is_3state":false,"fallback":"tcp_pan_knob_stack"},
    "mcp_pan_knob_stack_1": {"kind":"knob-stack","is_3state":false,"fallback":"tcp_pan_knob_stack_1"},
    "mcp_pan_knob_stack_2": {"kind":"knob-stack","is_3state":false,"fallback":"tcp_pan_knob_stack_2"},
    "mcp_pan_label": {"kind":"bg","is_3state":false,"fallback":"tcp_pan_label"},
    "mcp_panbg": {"kind":"bg","is_3state":false},
    "mcp_panbg_vert": {"kind":"bg","is_3state":false},
    "mcp_panthumb": {"kind":"thumb","is_3state":false},
    "mcp_panthumb_vert": {"kind":"thumb","is_3state":false},
    "mcp_phase_norm": {"kind":"sliced-button","is_3state":true,"fallback":"track_phase_norm"},
    "mcp_phase_inv": {"kind":"sliced-button","is_3state":true,"fallback":"track_phase_inv"},
    "mcp_recarm_off": {"kind":"sliced-button","is_3state":true,"fallback":"track_recarm_off"},
    "mcp_recarm_on": {"kind":"sliced-button","is_3state":true,"fallback":"track_recarm_on"},
    "mcp_recarm_auto": {"kind":"sliced-button","is_3state":true,"fallback":"track_recarm_auto"},
    "mcp_recarm_auto_on": {"kind":"sliced-button","is_3state":true,"fallback":"track_recarm_auto_on"},
    "mcp_recarm_norec": {"kind":"sliced-button","is_3state":true,"aliases":["track_recarm_norec"],"fallback":"mcp_recarm_on"},
    "mcp_recarm_auto_norec": {"kind":"sliced-button","is_3state":true,"aliases":["track_recarm_auto_norec"],"fallback":"mcp_recarm_auto_on"},
    "mcp_recinput": {"kind":"bg","is_3state":false,"fallback":"tcp_recinput"},
    "mcp_recmode_in": {"kind":"sliced-button","is_3state":true,"fallback":"track_recmode_in"},
    "mcp_recmode_out": {"kind":"sliced-button","is_3state":true,"fallback":"track_recmode_out"},
    "mcp_recmode_off": {"kind":"sliced-button","is_3state":true,"fallback":"track_recmode_off"},
    "mcp_send_knob_stack": {"kind":"knob-stack","is_3state":false},
    "mcp_sendlist_bg": {"kind":"bg","is_3state":false},
    "mcp_sendlist_empty": {"kind":"bg","is_3state":false},
    "mcp_sendlist_knob": {"kind":"thumb","is_3state":false},
    "mcp_sendlist_knob_bg": {"kind":"bg","is_3state":false},
    "mcp_sendlist_meter": {"kind":"bg","is_3state":false},
    "mcp_sendlist_midihw": {"kind":"bg","is_3state":false,"fallback":"mcp_sendlist_norm"},
    "mcp_sendlist_mute": {"kind":"bg","is_3state":false},
    "mcp_sendlist_norm": {"kind":"bg","is_3state":false},
    "mcp_solo_off": {"kind":"sliced-button","is_3state":true,"fallback":"track_solo_off"},
    "mcp_solo_on": {"kind":"sliced-button","is_3state":true,"fallback":"track_solo_on"},
    "mcp_solodefeat_on": {"kind":"sliced-button","is_3state":true},
    "mcp_idxbg": {"kind":"bg","is_3state":false},
    "mcp_idxbg_sel": {"kind":"bg","is_3state":false},
    "mcp_vol_knob_large": {"kind":"bg","is_3state":false,"fallback":"tcp_vol_knob_large"},
    "mcp_vol_knob_small": {"kind":"bg","is_3state":false,"fallback":"tcp_vol_knob_small"},
    "mcp_vol_knob_stack": {"kind":"knob-stack","is_3state":false,"fallback":"tcp_vol_knob_stack"},
    "mcp_vol_knob_stack_1": {"kind":"knob-stack","is_3state":false,"fallback":"tcp_vol_knob_stack_1"},
    "mcp_vol_knob_stack_2": {"kind":"knob-stack","is_3state":false,"fallback":"tcp_vol_knob_stack_2"},
    "mcp_vol_label": {"kind":"bg","is_3state":false,"fallback":"tcp_vol_label"},
    "mcp_volbg_horz": {"kind":"bg","is_3state":false,"fallback":"tcp_volbg"},
    "mcp_volbg": {"kind":"bg","is_3state":false},
    "mcp_volthumb_horz": {"kind":"thumb","is_3state":false,"fallback":"tcp_volthumb"},
    "mcp_volthumb": {"kind":"thumb","is_3state":false},
    "mcp_vu": {"kind":"bg","is_3state":false},
    "mcp_width_knob_large": {"kind":"bg","is_3state":false,"fallback":"tcp_width_knob_large"},
    "mcp_width_knob_small": {"kind":"bg","is_3state":false,"fallback":"tcp_width_knob_small"},
    "mcp_wid_knob_stack": {"kind":"knob-stack","is_3state":false,"fallback":"tcp_wid_knob_stack"},
    "mcp_wid_knob_stack_1": {"kind":"knob-stack","is_3state":false,"fallback":"tcp_wid_knob_stack_1"},
    "mcp_wid_knob_stack_2": {"kind":"knob-stack","is_3state":false,"fallback":"tcp_wid_knob_stack_2"},
    "mcp_wid_label": {"kind":"bg","is_3state":false,"fallback":"tcp_wid_label"},
    "mcp_widthbg": {"kind":"bg","is_3state":false,"fallback":"mcp_panbg"},
    "mcp_widthbg_vert": {"kind":"bg","is_3state":false,"fallback":"mcp_panbg_vert"},
    "mcp_widththumb": {"kind":"thumb","is_3state":false,"fallback":"mcp_panthumb"},
    "mcp_widththumb_vert": {"kind":"thumb","is_3state":false,"fallback":"mcp_panthumb_vert"},


    


    "meter_automute": {"kind":"bg","is_3state":false},
    "meter_bg_h": {"kind":"bg","is_3state":false},
    "meter_bg_mcp": {"kind":"bg","is_3state":false},
    "meter_bg_mcp_master": {"kind":"bg","is_3state":false,"fallback":"meter_bg_mcp"},
    "meter_bg_tcp": {"kind":"bg","is_3state":false},
    "meter_bg_v": {"kind":"bg","is_3state":false},
    "meter_clip_h": {"kind":"bg","is_3state":false},
    "meter_clip_h_rms": {"kind":"bg","is_3state":false,"fallback":"meter_clip_h"},
    "meter_clip_v": {"kind":"bg","is_3state":false},
    "meter_clip_v_rms": {"kind":"bg","is_3state":false,"fallback":"meter_clip_v"},
    "meter_clip_v_rms2": {"kind":"bg","is_3state":false},
    "meter_foldermute": {"kind":"bg","is_3state":false},
    "meter_mute": {"kind":"bg","is_3state":false},
    "meter_ol_h": {"kind":"bg","is_3state":false},
    "meter_ol_mcp": {"kind":"bg","is_3state":false},
    "meter_ol_mcp_master": {"kind":"bg","is_3state":false,"fallback":"meter_ol_mcp"},
    "meter_ol_tcp": {"kind":"bg","is_3state":false},
    "meter_ol_v": {"kind":"bg","is_3state":false},
    "meter_solodim": {"kind":"bg","is_3state":false},
    "meter_strip_h": {"kind":"image","is_3state":false},
    "meter_strip_h_gr": {"kind":"image","is_3state":false,"fallback":"meter_strip_h"},
    "meter_strip_h_rms": {"kind":"image","is_3state":false,"fallback":"meter_strip_h"},
    "meter_strip_v": {"kind":"image","is_3state":false},
    "meter_strip_v_gr": {"kind":"image","is_3state":false,"fallback":"meter_strip_v"},
    "meter_strip_v_rms": {"kind":"image","is_3state":false,"fallback":"meter_strip_v"},
    "meter_unsolo": {"kind":"bg","is_3state":false},


    


    "midi_note_colormap": {"kind":"image","is_3state":false},
    "midi_score_colormap": {"kind":"image","is_3state":false},
    "piano_black_key": {"kind":"bg","is_3state":false},
    "piano_black_key_sel": {"kind":"bg","is_3state":false},
    "piano_white_key": {"kind":"bg","is_3state":false},
    "piano_white_key_sel": {"kind":"bg","is_3state":false},


    


    "item_bg": {"kind":"bg","is_3state":false},
    "item_bg_sel": {"kind":"bg","is_3state":false},
    "item_env_off": {"kind":"sliced-button","is_3state":true},
    "item_env_on": {"kind":"sliced-button","is_3state":true},
    "item_rank": {"kind":"sliced-button","is_3state":true},
    "item_rank_up": {"kind":"sliced-button","is_3state":true},
    "item_rank_down": {"kind":"sliced-button","is_3state":true},
    "item_fx_off": {"kind":"sliced-button","is_3state":true},
    "item_fx_on": {"kind":"sliced-button","is_3state":true},
    "item_group": {"kind":"sliced-button","is_3state":true},
    "item_group_sel": {"kind":"sliced-button","is_3state":true},
    "item_lock_off": {"kind":"sliced-button","is_3state":true},
    "item_lock_on": {"kind":"sliced-button","is_3state":true},
    "item_loop": {"kind":"bg","is_3state":false},
    "item_mute_off": {"kind":"sliced-button","is_3state":true},
    "item_mute_on": {"kind":"sliced-button","is_3state":true},
    "item_note_off": {"kind":"sliced-button","is_3state":true},
    "item_note_on": {"kind":"sliced-button","is_3state":true},
    "item_pooled": {"kind":"sliced-button","is_3state":true},
    "item_pooled_on": {"kind":"sliced-button","is_3state":true},
    "item_props": {"kind":"sliced-button","is_3state":true},
    "item_props_on": {"kind":"sliced-button","is_3state":true},
    "item_seldot": {"kind":"image","is_3state":false},
    "item_timebase_beat": {"kind":"sliced-button","is_3state":true},
    "item_timebase_beat_on": {"kind":"sliced-button","is_3state":true},
    "item_timebase_time": {"kind":"sliced-button","is_3state":true},
    "item_timebase_time_on": {"kind":"sliced-button","is_3state":true},
    "item_volknob": {"kind":"sliced-button","is_3state":true},
    "item_volknob_stack": {"kind":"knob-stack","is_3state":false},


    


    "midi_inline_ccwithitems_off": {"kind":"image","is_3state":false},
    "midi_inline_ccwithitems_on": {"kind":"image","is_3state":false},
    "midi_inline_close": {"kind":"image","is_3state":false},
    "midi_inline_fold_custom_view": {"kind":"image","is_3state":false},
    "midi_inline_fold_none": {"kind":"image","is_3state":false},
    "midi_inline_fold_unnamed": {"kind":"image","is_3state":false},
    "midi_inline_fold_unused_unnamed": {"kind":"image","is_3state":false},
    "midi_inline_noteview_rect": {"kind":"image","is_3state":false},
    "midi_inline_noteview_diamond": {"kind":"image","is_3state":false},
    "midi_inline_noteview_triangle": {"kind":"image","is_3state":false},
    "midi_inline_scroll": {"kind":"image","is_3state":false},
    "midi_inline_scrollbar": {"kind":"bg","is_3state":false},
    "midi_inline_scrollthumb": {"kind":"bg","is_3state":false},


    


    "cursor_seltrack": {"kind":"bg","is_3state":false},
    "fixed_lanes_big": {"kind":"sliced-button","is_3state":true},
    "fixed_lanes_hidden": {"kind":"sliced-button","is_3state":true},
    "fixed_lanes_one": {"kind":"sliced-button","is_3state":true},
    "fixed_lanes_small": {"kind":"sliced-button","is_3state":true},
    "gen_back": {"kind":"sliced-button","is_3state":true},
    "gen_back_on": {"kind":"sliced-button","is_3state":true},
    "gen_down_arrow": {"kind":"sliced-button","is_3state":true},
    "gen_down_arrow_on": {"kind":"sliced-button","is_3state":true},
    "gen_env": {"kind":"sliced-button","is_3state":true,"fallback":"track_env"},
    "gen_env_read": {"kind":"sliced-button","is_3state":true,"fallback":"track_env_read"},
    "gen_env_touch": {"kind":"sliced-button","is_3state":true,"fallback":"track_env_touch"},
    "gen_env_write": {"kind":"sliced-button","is_3state":true,"fallback":"track_env_write"},
    "gen_env_latch": {"kind":"sliced-button","is_3state":true,"fallback":"track_env_latch"},
    "gen_env_preview": {"kind":"sliced-button","is_3state":true,"fallback":"gen_env_latch"},
    "gen_forward": {"kind":"sliced-button","is_3state":true},
    "gen_forward_on": {"kind":"sliced-button","is_3state":true},
    "gen_end": {"kind":"sliced-button","is_3state":true,"fallback":"transport_end"},
    "gen_io": {"kind":"sliced-button","is_3state":true,"fallback":"track_io"},
    "gen_midi_off": {"kind":"sliced-button","is_3state":true},
    "gen_midi_on": {"kind":"sliced-button","is_3state":true},
    "gen_stereo": {"kind":"sliced-button","is_3state":true,"fallback":"track_stereo"},
    "gen_mono": {"kind":"sliced-button","is_3state":true,"fallback":"track_mono"},
    "gen_mute_off": {"kind":"sliced-button","is_3state":true,"fallback":"track_mute_off"},
    "gen_mute_on": {"kind":"sliced-button","is_3state":true,"fallback":"track_mute_on"},
    "gen_panbg_horz": {"kind":"image","is_3state":false,"fallback":"tcp_panbg"},
    "gen_panbg_vert": {"kind":"image","is_3state":false,"fallback":"mcp_panbg_vert"},
    "gen_panthumb_horz": {"kind":"image","is_3state":false,"fallback":"tcp_panthumb"},
    "gen_panthumb_vert": {"kind":"image","is_3state":false,"fallback":"mcp_panthumb_vert"},
    "gen_panbg_horz_dark": {"kind":"image","is_3state":false,"fallback":"gen_panbg_horz"},
    "gen_panbg_vert_dark": {"kind":"image","is_3state":false,"fallback":"gen_panbg_vert"},
    "gen_panthumb_horz_dark": {"kind":"image","is_3state":false,"fallback":"gen_panthumb_horz"},
    "gen_panthumb_vert_dark": {"kind":"image","is_3state":false,"fallback":"gen_panthumb_vert"},
    "gen_pause": {"kind":"sliced-button","is_3state":true,"fallback":"transport_pause"},
    "gen_pause_on": {"kind":"sliced-button","is_3state":true,"fallback":"transport_pause_on"},
    "gen_phase_norm": {"kind":"sliced-button","is_3state":true,"fallback":"track_phase_norm"},
    "gen_phase_inv": {"kind":"sliced-button","is_3state":true,"fallback":"track_phase_inv"},
    "gen_play": {"kind":"sliced-button","is_3state":true,"fallback":"transport_play"},
    "gen_play_on": {"kind":"sliced-button","is_3state":true,"fallback":"transport_play_on"},
    "gen_refresh": {"kind":"sliced-button","is_3state":true},
    "gen_repeat_off": {"kind":"sliced-button","is_3state":true,"fallback":"transport_repeat_off"},
    "gen_repeat_on": {"kind":"sliced-button","is_3state":true,"fallback":"transport_repeat_on"},
    "gen_home": {"kind":"sliced-button","is_3state":true,"fallback":"transport_home"},
    "gen_solo_off": {"kind":"sliced-button","is_3state":true,"fallback":"track_solo_off"},
    "gen_solo_on": {"kind":"sliced-button","is_3state":true,"fallback":"track_solo_on"},
    "gen_stop": {"kind":"sliced-button","is_3state":true,"fallback":"transport_stop"},
    "gen_up": {"kind":"sliced-button","is_3state":true},
    "gen_up_arrow": {"kind":"sliced-button","is_3state":true},
    "gen_up_arrow_on": {"kind":"sliced-button","is_3state":true},
    "gen_volbg_horz": {"kind":"image","is_3state":false,"fallback":"tcp_volbg"},
    "gen_volbg_vert": {"kind":"image","is_3state":false,"fallback":"mcp_volbg"},
    "gen_volthumb_horz": {"kind":"image","is_3state":false,"fallback":"tcp_volthumb"},
    "gen_volthumb_vert": {"kind":"image","is_3state":false,"fallback":"mcp_volthumb"},
    "gen_volbg_horz_dark": {"kind":"image","is_3state":false,"fallback":"gen_volbg_horz"},
    "gen_volbg_vert_dark": {"kind":"image","is_3state":false,"fallback":"gen_volbg_vert"},
    "gen_volthumb_horz_dark": {"kind":"image","is_3state":false,"fallback":"gen_volthumb_horz"},
    "gen_volthumb_vert_dark": {"kind":"image","is_3state":false,"fallback":"gen_volthumb_vert"},
    "gen_knob_bg_large": {"kind":"bg","is_3state":false},
    "gen_knob_bg_small": {"kind":"bg","is_3state":false,"fallback":"gen_knob_bg_large"},
    "knob_stack": {"kind":"knob-stack","is_3state":false},
    "knob_stack_1": {"kind":"knob-stack","is_3state":false},
    "knob_stack_2": {"kind":"knob-stack","is_3state":false},
    "lane_solo_off": {"kind":"sliced-button","is_3state":true},
    "lane_solo_on": {"kind":"sliced-button","is_3state":true},
    "lane_solo_off_indicator": {"kind":"sliced-button","is_3state":true},
    "lane_solo_on_indicator": {"kind":"sliced-button","is_3state":true},
    "lane_solo_down": {"kind":"sliced-button","is_3state":true},
    "lane_solo_up": {"kind":"sliced-button","is_3state":true},
    "master_mcp_io": {"kind":"sliced-button","is_3state":true},
    "master_tcp_io": {"kind":"sliced-button","is_3state":true},
    "midi_item_bounds": {"kind":"image","is_3state":false},
    "mixer_menu": {"kind":"sliced-button","is_3state":true},
    "monitor_fx_byp_off": {"kind":"sliced-button","is_3state":true},
    "monitor_fx_byp_on": {"kind":"sliced-button","is_3state":true},
    "monitor_fx_byp_byp": {"kind":"sliced-button","is_3state":true},
    "monitor_fx_off": {"kind":"sliced-button","is_3state":true},
    "monitor_fx_on": {"kind":"sliced-button","is_3state":true},
    "monitor_fx_byp": {"kind":"sliced-button","is_3state":true},
    "scrollbar": {"kind":"image","is_3state":false},
    "scrollbar_2": {"kind":"image","is_3state":false,"fallback":"scrollbar"},
    "scrollbar_3": {"kind":"image","is_3state":false,"fallback":"scrollbar"},
    "splash": {"kind":"image","is_3state":false},
    "tab_down": {"kind":"bg","is_3state":false},
    "tab_down_sel": {"kind":"bg","is_3state":false},
    "tab_up": {"kind":"bg","is_3state":false},
    "tab_up_sel": {"kind":"bg","is_3state":false},
    "table_expand_off": {"kind":"sliced-button","is_3state":true},
    "table_expand_on": {"kind":"sliced-button","is_3state":true},
    "table_locked_off": {"kind":"sliced-button","is_3state":true},
    "table_locked_on": {"kind":"sliced-button","is_3state":true},
    "table_locked_partial": {"kind":"sliced-button","is_3state":true},
    "table_mute_off": {"kind":"sliced-button","is_3state":true},
    "table_mute_on": {"kind":"sliced-button","is_3state":true},
    "table_recarm_off": {"kind":"sliced-button","is_3state":true},
    "table_recarm_on": {"kind":"sliced-button","is_3state":true},
    "table_remove_off": {"kind":"sliced-button","is_3state":true},
    "table_remove_on": {"kind":"sliced-button","is_3state":true},
    "table_solo_off": {"kind":"sliced-button","is_3state":true},
    "table_solo_on": {"kind":"sliced-button","is_3state":true},
    "table_sub_expand_off": {"kind":"sliced-button","is_3state":true},
    "table_sub_expand_on": {"kind":"sliced-button","is_3state":true},
    "table_target_off": {"kind":"sliced-button","is_3state":true},
    "table_target_on": {"kind":"sliced-button","is_3state":true},
    "table_target_invalid": {"kind":"sliced-button","is_3state":true},
    "table_visible_off": {"kind":"sliced-button","is_3state":true},
    "table_visible_on": {"kind":"sliced-button","is_3state":true},
    "table_visible_partial": {"kind":"sliced-button","is_3state":true},
    "animation_toolbar_armed": {"kind":"image","is_3state":false},
    "animation_toolbar_highlight": {"kind":"image","is_3state":false},
    "composite_toolbar_overlay": {"kind":"image","is_3state":false},
    "toosmall_b": {"kind":"bg","is_3state":false},
    "toosmall_r": {"kind":"bg","is_3state":false},
    "vu_indicator": {"kind":"image","is_3state":false},




    "envcp_arm_off": {"kind":"sliced-button","is_3state":true,"fallback":"track_recarm_off"},
    "envcp_arm_on": {"kind":"sliced-button","is_3state":true,"fallback":"track_recarm_on"},
    "envcp_bgsel": {"kind":"bg","is_3state":false,"fallback":"tcp_bgsel"},
    "envcp_bypass_off": {"kind":"sliced-button","is_3state":true},
    "envcp_bypass_on": {"kind":"sliced-button","is_3state":true},
    "envcp_faderbg": {"kind":"image","is_3state":false,"fallback":"tcp_volbg"},
    "envcp_faderbg_vert": {"kind":"image","is_3state":false},
    "envcp_fader": {"kind":"thumb","is_3state":false,"fallback":"tcp_volthumb"},
    "envcp_fader_vert": {"kind":"thumb","is_3state":false},
    "envcp_hide": {"kind":"sliced-button","is_3state":true},
    "envcp_knob_large": {"kind":"bg","is_3state":false,"fallback":"gen_knob_bg_large"},
    "envcp_knob_small": {"kind":"bg","is_3state":false,"fallback":"gen_knob_bg_small"},
    "envcp_knob_stack": {"kind":"knob-stack","is_3state":false,"fallback":"knob_stack"},
    "envcp_knob_stack_1": {"kind":"knob-stack","is_3state":false,"fallback":"knob_stack_1"},
    "envcp_knob_stack_2": {"kind":"knob-stack","is_3state":false,"fallback":"knob_stack_2"},
    "envcp_learn": {"kind":"sliced-button","is_3state":true},
    "envcp_learn_on": {"kind":"sliced-button","is_3state":true,"fallback":"envcp_learn"},
    "envcp_namebg": {"kind":"bg","is_3state":false,"fallback":"tcp_namebg"},
    "envcp_parammod": {"kind":"sliced-button","is_3state":true},
    "envcp_parammod_on": {"kind":"sliced-button","is_3state":true,"fallback":"envcp_parammod"},


    

    "fader_h": {"kind":"image","is_3state":false},
    "fader_v": {"kind":"image","is_3state":false}
  }
}
